secs,nsecs,latitude,longitude,altitude
1453942733,33532138,40.756569955,-73.983089603,-3.992
1453942733,35372342,40.756569955,-73.983089603,-3.992
1453942734,50455690,40.756613498,-73.983049441,-2.948
1453942734,52393154,40.756613498,-73.983049441,-2.948
1453942735,17486943,40.756652199,-73.983009304,-2.106
1453942735,19406403,40.756652199,-73.983009304,-2.106
1453942736,35544206,40.756689225,-73.982968033,-1.135
1453942736,37473423,40.756689225,-73.982968033,-1.135
1453942737,59474628,40.75671993,-73.982929705,-0.825
1453942737,61413162,40.75671993,-73.982929705,-0.825
1453942738,28503946,40.756761294,-73.982901809,-0.188
1453942738,30414784,40.756761294,-73.982901809,-0.188
1453942739,47457915,40.756803511,-73.982878665,0.615
1453942739,49360563,40.756803511,-73.982878665,0.615
1453942740,52484817,40.756833524,-73.982864265,1.583
1453942740,54329644,40.756833524,-73.982864265,1.583
1453942741,17451148,40.756854736,-73.982850038,2.489
1453942741,19356949,40.756854736,-73.982850038,2.489
1453942742,60430068,40.756871815,-73.982830699,3.375
1453942742,62311001,40.756871815,-73.982830699,3.375
1453942743,26400079,40.756891689,-73.982814507,4.447
1453942743,28370526,40.756891689,-73.982814507,4.447
1453942744,51440015,40.756917729,-73.982801424,5.436
1453942744,53362623,40.756917729,-73.982801424,5.436
1453942745,19459045,40.756955232,-73.982767316,6.659
1453942745,21372275,40.756955232,-73.982767316,6.659
1453942746,36429502,40.757001763,-73.982739614,7.247
1453942746,38353041,40.757001763,-73.982739614,7.247
1453942747,64398965,40.757048632,-73.98271004,8.218
1453942747,66370137,40.757048632,-73.98271004,8.218
1453942748,42463366,40.757100792,-73.982684672,9.154
1453942748,44357039,40.757100792,-73.982684672,9.154
1453942749,25411261,40.757157203,-73.982655885,10.146
1453942749,27274128,40.757157203,-73.982655885,10.146
1453942750,56387619,40.757208764,-73.982629259,10.848
1453942750,58299902,40.757208764,-73.982629259,10.848
1453942751,26441703,40.757256081,-73.982599181,11.636
1453942751,28340309,40.757256081,-73.982599181,11.636
1453942752,57523949,40.757300816,-73.982567194,12.394
1453942752,59381277,40.757300816,-73.982567194,12.394
1453942753,28366360,40.757343197,-73.982538637,12.935
1453942753,30289421,40.757343197,-73.982538637,12.935
1453942754,51346058,40.757396145,-73.982505186,13.241
1453942754,53263386,40.757396145,-73.982505186,13.241
1453942755,17370402,40.757459706,-73.982466125,13.65
1453942755,19260914,40.757459706,-73.982466125,13.65
1453942756,31329724,40.757514704,-73.982422726,nan
1453942756,33276311,40.757514704,-73.982422726,nan
1453942757,57369995,40.757555964,-73.98238893,13.918
1453942757,59306078,40.757555964,-73.98238893,13.918
1453942758,27327363,40.757585415,-73.98235738,13.984
1453942758,29279809,40.757585415,-73.98235738,13.984
1453942759,51395374,40.757619546,-73.98232931,14.217
1453942759,53328281,40.757619546,-73.98232931,14.217
1453942760,57333447,40.757654774,-73.982309211,14.405
1453942760,59220860,40.757654774,-73.982309211,14.405
1453942761,29399955,40.757688704,-73.982293962,14.756
1453942761,31273739,40.757688704,-73.982293962,14.756
1453942762,55395641,40.75771438,-73.982278871,15.285
1453942762,57280897,40.75771438,-73.982278871,15.285
1453942763,27297167,40.757734703,-73.982264825,15.966
1453942763,29204792,40.757734703,-73.982264825,15.966
1453942764,52310655,40.757752302,-73.982256306,16.565
1453942764,54252050,40.757752302,-73.982256306,16.565
1453942765,26443504,40.757765121,-73.982248246,16.955
1453942765,28254539,40.757765121,-73.982248246,16.955
1453942766,50364723,40.757779285,-73.982232196,17.354
1453942766,52207973,40.757779285,-73.982232196,17.354
1453942767,30337622,40.757790937,-73.982218368,17.637
1453942767,32231038,40.757790937,-73.982218368,17.637
1453942768,57351633,40.757785828,-73.982215003,17.875
1453942768,59249202,40.757785828,-73.982215003,17.875
1453942769,24402803,40.757775869,-73.982218887,18.333
1453942769,26290636,40.757775869,-73.982218887,18.333
1453942770,51297428,40.757775869,-73.982218887,18.333
1453942770,53254548,40.757775869,-73.982218887,18.333
1453942771,19319886,40.757775869,-73.982218887,18.333
1453942771,21376190,40.757775869,-73.982218887,18.333
1453942772,26308918,40.757775869,-73.982218887,nan
1453942772,28186055,40.757775869,-73.982218887,nan
1453942773,46225868,40.757775869,-73.982218887,18.333
1453942773,48165041,40.757775869,-73.982218887,18.333
1453942774,17334375,40.757775869,-73.982218887,18.333
1453942774,19226292,40.757775869,-73.982218887,18.333
1453942775,41338277,40.757775869,-73.982218887,18.333
1453942775,43215555,40.757775869,-73.982218887,18.333
1453942776,10284670,40.757775869,-73.982218887,18.333
1453942776,12163428,40.757775869,-73.982218887,18.333
1453942777,28313077,40.757775869,-73.982218887,18.333
1453942777,30205590,40.757775869,-73.982218887,18.333
1453942778,43289467,40.757775869,-73.982218887,18.333
1453942778,45220838,40.757775869,-73.982218887,18.333
1453942779,28269756,40.757775869,-73.982218887,18.333
1453942779,30105931,40.757775869,-73.982218887,18.333
1453942780,60363545,40.757775869,-73.982218887,18.333
1453942780,62207848,40.757775869,-73.982218887,18.333
1453942781,26267088,40.757775869,-73.982218887,18.333
1453942781,28172509,40.757775869,-73.982218887,18.333
1453942782,42266633,40.757775869,-73.982218887,18.333
1453942782,44259818,40.757775869,-73.982218887,18.333
1453942783,13211206,40.757775869,-73.982218887,18.333
1453942783,15186719,40.757775869,-73.982218887,18.333
1453942784,34257410,40.757775869,-73.982218887,18.333
1453942784,36142570,40.757775869,-73.982218887,18.333
1453942785,60196264,40.757775869,-73.982218887,18.333
1453942785,62168081,40.757775869,-73.982218887,18.333
1453942786,21203975,40.757775869,-73.982218887,18.333
1453942786,23158124,40.757775869,-73.982218887,18.333
1453942787,36197517,40.757775869,-73.982218887,18.333
1453942787,38119851,40.757775869,-73.982218887,18.333
1453942788,55252097,40.757775869,-73.982218887,18.333
1453942788,57079861,40.757775869,-73.982218887,18.333
1453942789,20220238,40.757775869,-73.982218887,18.333
1453942789,22126672,40.757775869,-73.982218887,18.333
1453942790,61357070,40.757775869,-73.982218887,18.333
1453942790,63223814,40.757775869,-73.982218887,18.333
1453942791,29157865,40.757775869,-73.982218887,18.333
1453942791,31132642,40.757775869,-73.982218887,18.333
1453942792,45157070,40.757775869,-73.982218887,18.333
1453942792,47072546,40.757775869,-73.982218887,18.333
1453942793,22180239,40.757775869,-73.982218887,18.333
1453942793,24093354,40.757775869,-73.982218887,18.333
1453942794,38146479,40.757775869,-73.982218887,18.333
1453942794,40095288,40.757775869,-73.982218887,18.333
1453942795,53309760,40.757775869,-73.982218887,18.333
1453942795,55092088,40.757775869,-73.982218887,18.333
1453942796,19148659,40.757775869,-73.982218887,18.333
1453942796,21058939,40.757775869,-73.982218887,18.333
1453942797,39143788,40.757775869,-73.982218887,18.333
1453942797,41093219,40.757775869,-73.982218887,18.333
1453942798,59138944,40.757775869,-73.982218887,18.333
1453942798,61073618,40.757775869,-73.982218887,18.333
1453942799,28127047,40.757775869,-73.982218887,18.333
1453942799,30053388,40.757775869,-73.982218887,18.333
1453942800,60288330,40.757775869,-73.982218887,18.333
1453942800,62209191,40.757775869,-73.982218887,18.333
1453942801,34120184,40.757775869,-73.982218887,18.333
1453942801,36032281,40.757775869,-73.982218887,18.333
1453942802,53123725,40.757775869,-73.982218887,18.333
1453942802,55067312,40.757775869,-73.982218887,18.333
1453942803,21143850,40.757775869,-73.982218887,18.333
1453942803,23049111,40.757775869,-73.982218887,18.333
1453942804,43130255,40.757793684,-73.982215449,18.272
1453942804,45030673,40.757793684,-73.982215449,18.272
1453942805,21119542,40.757811404,-73.98221899,nan
1453942805,23052656,40.757811404,-73.98221899,nan
1453942806,45124821,40.757835954,-73.982210153,18.236
1453942806,47011757,40.757835954,-73.982210153,18.236
1453942807,32102592,40.757871569,-73.982197937,18.205
1453942807,34022556,40.757871569,-73.982197937,18.205
1453942808,55056641,40.757896686,-73.982184476,18.278
1453942808,57106314,40.757896686,-73.982184476,18.278
1453942809,34127643,40.757913377,-73.982174654,18.28
1453942809,36107608,40.757913377,-73.982174654,18.28
1453942810,12086960,40.757929686,-73.982169287,18.319
1453942810,14002933,40.757929686,-73.982169287,18.319
1453942811,41073431,40.757942242,-73.982163021,nan
1453942811,43003875,40.757942242,-73.982163021,nan
1453942812,15021095,40.757952602,-73.982157835,nan
1453942812,17000483,40.757952602,-73.982157835,nan
1453942813,32323391,40.757956234,-73.982143976,nan
1453942813,34000747,40.757956234,-73.982143976,nan
1453942814,49067737,40.757959649,-73.982140772,18.782
1453942814,51025999,40.757959649,-73.982140772,18.782
1453942815,16033151,40.757960294,-73.982141986,19.192
1453942815,17930664,40.757960294,-73.982141986,19.192
1453942816,33230527,40.757960294,-73.982141986,19.192
1453942816,35109394,40.757960294,-73.982141986,19.192
1453942817,43053975,40.757960294,-73.982141986,19.192
1453942817,44953467,40.757960294,-73.982141986,19.192
1453942818,8021670,40.757960294,-73.982141986,19.192
1453942818,9962467,40.757960294,-73.982141986,19.192
1453942819,25037572,40.757960294,-73.982141986,19.192
1453942819,26957446,40.757960294,-73.982141986,19.192
1453942820,9038811,40.757960294,-73.982141986,19.192
1453942820,10962501,40.757960294,-73.982141986,19.192
1453942821,23025744,40.757960294,-73.982141986,19.192
1453942821,25082534,40.757960294,-73.982141986,19.192
1453942822,39093321,40.757960294,-73.982141986,19.192
1453942822,40952476,40.757960294,-73.982141986,19.192
1453942823,48004847,40.757960294,-73.982141986,19.192
1453942823,49945415,40.757960294,-73.982141986,19.192
1453942824,20237450,40.757960294,-73.982141986,19.192
1453942824,21951133,40.757960294,-73.982141986,19.192
1453942825,34013544,40.757960294,-73.982141986,19.192
1453942825,35928189,40.757960294,-73.982141986,19.192
1453942826,57001340,40.757960294,-73.982141986,19.192
1453942826,58925544,40.757960294,-73.982141986,19.192
1453942827,34011083,40.757960294,-73.982141986,19.192
1453942827,35938941,40.757960294,-73.982141986,19.192
1453942828,53936201,40.757960294,-73.982141986,19.192
1453942828,55936914,40.757960294,-73.982141986,19.192
1453942829,32028690,40.757960294,-73.982141986,19.192
1453942829,33903100,40.757960294,-73.982141986,19.192
1453942830,8985351,40.757960294,-73.982141986,19.192
1453942830,10905526,40.757960294,-73.982141986,19.192
1453942831,34000637,40.757869911,-73.98201628,22.086
1453942831,35898612,40.757869911,-73.98201628,22.086
1453942832,61985448,40.757841572,-73.981965407,23.129
1453942832,63888789,40.757841572,-73.981965407,23.129
1453942833,28067676,40.757850786,-73.981948952,22.543
1453942833,29920712,40.757850786,-73.981948952,22.543
1453942834,50072200,40.757868966,-73.981921986,22.241
1453942834,51910962,40.757868966,-73.981921986,22.241
1453942835,27974603,40.757893182,-73.981886934,22.166
1453942835,29881625,40.757893182,-73.981886934,22.166
1453942836,49953086,40.75792448,-73.98185737,22.231
1453942836,51877694,40.75792448,-73.98185737,22.231
1453942837,21103799,40.757966074,-73.981833974,22.522
1453942837,23000131,40.757966074,-73.981833974,22.522
1453942838,42045467,40.758019074,-73.981809294,22.984
1453942838,43994680,40.758019074,-73.981809294,22.984
1453942839,12916262,40.758068953,-73.981781664,23.579
1453942839,14849519,40.758068953,-73.981781664,23.579
1453942840,12958457,40.758111478,-73.981758422,24.343
1453942840,14850012,40.758111478,-73.981758422,24.343
1453942841,34925553,40.758150333,-73.981732084,25.469
1453942841,36858960,40.758150333,-73.981732084,25.469
1453942842,58916129,40.758191867,-73.981707603,26.699
1453942842,60830292,40.758191867,-73.981707603,26.699
1453942843,47920697,40.758233906,-73.981687401,28.008
1453942843,49830556,40.758233906,-73.981687401,28.008
1453942844,30927818,40.75827762,-73.981671856,29.375
1453942844,32823107,40.75827762,-73.981671856,29.375
1453942845,62893198,40.758320656,-73.981656339,30.746
1453942845,64804773,40.758320656,-73.981656339,30.746
1453942846,43901843,40.75835103,-73.9816429,31.776
1453942846,45829251,40.75835103,-73.9816429,31.776
1453942847,19963387,40.758381412,-73.981630935,32.968
1453942847,21841096,40.758381412,-73.981630935,32.968
1453942848,50923189,40.758426079,-73.981622347,33.841
1453942848,52859765,40.758426079,-73.981622347,33.841
1453942849,41949105,40.758480474,-73.981602865,35.176
1453942849,43767036,40.758480474,-73.981602865,35.176
1453942850,26925664,40.758547027,-73.98157155,36.655
1453942850,28772143,40.758547027,-73.98157155,36.655
1453942851,55885965,40.758613736,-73.981535686,37.729
1453942851,57811094,40.758613736,-73.981535686,37.729
1453942852,34927555,40.758666224,-73.98150679,38.716
1453942852,36783964,40.758666224,-73.98150679,38.716
1453942853,68866398,40.758689994,-73.981490358,39.892
1453942853,70802262,40.758689994,-73.981490358,39.892
1453942854,46868344,40.758707746,-73.981482667,41.379
1453942854,48828529,40.758707746,-73.981482667,41.379
1453942855,25874207,40.758736631,-73.981484785,42.212
1453942855,27772198,40.758736631,-73.981484785,42.212
1453942856,53853630,40.758770991,-73.981479064,43.166
1453942856,55790840,40.758770991,-73.981479064,43.166
1453942857,39818969,40.758803631,-73.981471536,43.858
1453942857,41753270,40.758803631,-73.981471536,43.858
1453942858,62826463,40.758820702,-73.981474299,44.172
1453942858,64733145,40.758820702,-73.981474299,44.172
1453942859,34004002,40.758830008,-73.981469553,45.238
1453942859,35768727,40.758830008,-73.981469553,45.238
1453942860,15829602,40.758838156,-73.9814611,46.567
1453942860,17729230,40.758838156,-73.9814611,46.567
1453942861,38821748,40.758854574,-73.981446713,48.133
1453942861,40740151,40.758854574,-73.981446713,48.133
1453942862,62809919,40.75888073,-73.981425394,49.761
1453942862,64730923,40.75888073,-73.981425394,49.761
1453942863,36802821,40.758914715,-73.981401952,51.504
1453942863,38733719,40.758914715,-73.981401952,51.504
1453942864,65796432,40.758961731,-73.981377251,53.32
1453942864,67700113,40.758961731,-73.981377251,53.32
1453942865,45803104,40.759017812,-73.981348834,55.168
1453942865,47785502,40.759017812,-73.981348834,55.168
1453942866,18794536,40.759075474,-73.981318376,56.97
1453942866,20713910,40.759075474,-73.981318376,56.97
1453942867,41772119,40.759138554,-73.981287722,58.686
1453942867,43703763,40.759138554,-73.981287722,58.686
1453942868,11723084,40.759204702,-73.981254951,60.374
1453942868,13665237,40.759204702,-73.981254951,60.374
1453942869,41746572,40.759267393,-73.981225944,62.089
1453942869,43682202,40.759267393,-73.981225944,62.089
1453942870,13771157,40.759328674,-73.981200204,63.811
1453942870,15665951,40.759328674,-73.981200204,63.811
1453942871,38744335,40.759383446,-73.981180168,65.366
1453942871,40664394,40.759383446,-73.981180168,65.366
1453942872,55741879,40.759436768,-73.981165472,66.682
1453942872,57667802,40.759436768,-73.981165472,66.682
1453942873,66770759,40.759489847,-73.981150114,67.937
1453942873,68678537,40.759489847,-73.981150114,67.937
1453942874,37744329,40.759539731,-73.981141418,68.876
1453942874,39692908,40.759539731,-73.981141418,68.876
1453942875,72978402,40.759578428,-73.981135855,69.67
1453942875,74658591,40.759578428,-73.981135855,69.67
1453942876,49737265,40.759602936,-73.981132931,70.522
1453942876,51686298,40.759602936,-73.981132931,70.522
1453942877,24722690,40.75962922,-73.981128629,71.25
1453942877,26716998,40.75962922,-73.981128629,71.25
1453942878,55742287,40.759652614,-73.981118914,72.225
1453942878,57647992,40.759652614,-73.981118914,72.225
1453942879,27725172,40.759667931,-73.981112442,73.18
1453942879,29702806,40.759667931,-73.981112442,73.18
1453942880,16716705,40.759675904,-73.981106076,74.366
1453942880,18657719,40.759675904,-73.981106076,74.366
1453942881,41778554,40.759701506,-73.981099616,75.632
1453942881,43721861,40.759701506,-73.981099616,75.632
1453942882,15739678,40.759716091,-73.981094399,76.737
1453942882,17631509,40.759716091,-73.981094399,76.737
1453942883,40723859,40.759726605,-73.981087406,77.251
1453942883,42626446,40.759726605,-73.981087406,77.251
1453942884,8717216,40.759729553,-73.981080607,77.616
1453942884,10619803,40.759729553,-73.981080607,77.616
1453942885,38888148,40.759729299,-73.981075807,78.089
1453942885,40596512,40.759729299,-73.981075807,78.089
1453942886,67795421,40.759731169,-73.981069722,78.654
1453942886,69584343,40.759731169,-73.981069722,78.654
1453942887,36689371,40.759734521,-73.981063421,79.216
1453942887,38633287,40.759734521,-73.981063421,79.216
1453942888,57612583,40.759734521,-73.981063421,79.216
1453942889,38705344,40.759742674,-73.981052161,80.802
1453942889,40575720,40.759742674,-73.981052161,80.802
1453942890,4681148,40.759744891,-73.981047402,81.944
1453942890,6572712,40.759744891,-73.981047402,81.944
1453942891,33673114,40.759749233,-73.981043046,83.071
1453942891,35583122,40.759749233,-73.981043046,83.071
1453942892,54668291,40.759761121,-73.981038391,84.288
1453942892,56569411,40.759761121,-73.981038391,84.288
1453942893,41647720,40.759764352,-73.981035967,85.404
1453942893,43558119,40.759764352,-73.981035967,85.404
1453942894,17623300,40.759763574,-73.981041321,86.71
1453942894,19561892,40.759763574,-73.981041321,86.71
1453942895,38821712,40.759764951,-73.981046173,87.955
1453942895,40532008,40.759764951,-73.981046173,87.955
1453942896,60808652,40.759767255,-73.981042396,89.256
1453942896,62577997,40.759767255,-73.981042396,89.256
1453942897,42629213,40.759774489,-73.981030235,90.554
1453942897,44530111,40.759774489,-73.981030235,90.554
1453942898,16659808,40.759801088,-73.981016862,90.994
1453942898,18540270,40.759801088,-73.981016862,90.994
1453942899,40614874,40.759826327,-73.981002935,91.399
1453942899,42529288,40.759826327,-73.981002935,91.399
1453942900,10608203,40.759842912,-73.98099518,91.654
1453942900,12527840,40.759842912,-73.98099518,91.654
1453942901,31609155,40.759820716,-73.980932071,90.945
1453942901,33516373,40.759820716,-73.980932071,90.945
1453942902,49594259,40.759806985,-73.980873625,90.406
1453942902,51536696,40.759806985,-73.980873625,90.406
1453942903,11596499,40.75978717,-73.980824367,89.585
1453942903,13521343,40.75978717,-73.980824367,89.585
1453942904,30557798,40.759793738,-73.980814708,nan
1453942904,32475370,40.759793738,-73.980814708,nan
1453942905,46593988,40.759793738,-73.980814708,89.692
1453942905,48509914,40.759793738,-73.980814708,89.692
1453942906,10591800,40.759793738,-73.980814708,nan
1453942906,12501643,40.759793738,-73.980814708,nan
1453942907,32567798,40.759793738,-73.980814708,89.692
1453942907,34506095,40.759793738,-73.980814708,89.692
1453942908,52537821,40.759793738,-73.980814708,89.692
1453942908,54506964,40.759793738,-73.980814708,89.692
1453942909,22562335,40.759793738,-73.980814708,89.692
1453942909,24482471,40.759793738,-73.980814708,89.692
1453942910,13568061,40.759793738,-73.980814708,89.692
1453942910,15484864,40.759793738,-73.980814708,89.692
1453942911,36548635,40.759793738,-73.980814708,89.692
1453942911,38476986,40.759793738,-73.980814708,89.692
1453942912,58556206,40.759793738,-73.980814708,89.692
1453942912,60477022,40.759793738,-73.980814708,89.692
1453942913,43546635,40.759793738,-73.980814708,89.692
1453942913,45457729,40.759793738,-73.980814708,89.692
1453942914,19764392,40.759793738,-73.980814708,89.692
1453942914,21490028,40.759793738,-73.980814708,89.692
1453942915,46500482,40.759793738,-73.980814708,89.692
1453942915,48459475,40.759793738,-73.980814708,89.692
1453942916,22602825,40.759793738,-73.980814708,89.692
1453942916,24470266,40.759793738,-73.980814708,89.692
1453942917,47563034,40.759793738,-73.980814708,89.692
1453942917,49508068,40.759793738,-73.980814708,89.692
1453942918,14688595,40.759793738,-73.980814708,89.692
1453942918,16570921,40.759793738,-73.980814708,89.692
1453942919,47523286,40.759793738,-73.980814708,89.692
1453942919,49452812,40.759793738,-73.980814708,89.692
1453942920,16621064,40.759793738,-73.980814708,89.692
1453942920,18467756,40.759793738,-73.980814708,89.692
1453942921,44484605,40.759793738,-73.980814708,89.692
1453942921,46423351,40.759793738,-73.980814708,89.692
1453942922,19496356,40.759793738,-73.980814708,89.692
1453942922,21415021,40.759793738,-73.980814708,89.692
1453942923,41506021,40.759793738,-73.980814708,89.692
1453942923,43410181,40.759793738,-73.980814708,89.692
1453942924,15466374,40.759793738,-73.980814708,89.692
1453942924,17404419,40.759793738,-73.980814708,89.692
1453942925,35754795,40.759793738,-73.980814708,89.692
1453942925,37467352,40.759793738,-73.980814708,89.692
1453942926,67468835,40.759793738,-73.980814708,89.692
1453942926,69408858,40.759793738,-73.980814708,89.692
1453942927,31453308,40.759793738,-73.980814708,89.692
1453942927,33417518,40.759793738,-73.980814708,89.692
1453942928,41610456,40.759793738,-73.980814708,89.692
1453942928,43374466,40.759793738,-73.980814708,89.692
1453942929,1650369,40.759793738,-73.980814708,89.692
1453942929,3387060,40.759793738,-73.980814708,89.692
1453942930,43459925,40.759793738,-73.980814708,89.692
1453942930,45393063,40.759793738,-73.980814708,89.692
1453942930,998457938,40.759793738,-73.980814708,89.692
1453942931,379447,40.759793738,-73.980814708,89.692
1453942932,3415819,40.759793738,-73.980814708,89.692
1453942932,5446514,40.759793738,-73.980814708,89.692
1453942933,9460210,40.759793738,-73.980814708,89.692
1453942933,11365116,40.759793738,-73.980814708,89.692
1453942934,19434141,40.759793738,-73.980814708,89.692
1453942934,21375649,40.759793738,-73.980814708,89.692
1453942935,33598513,40.759789262,-73.980810437,89.556
1453942935,35350452,40.759789262,-73.980810437,89.556
1453942936,48405156,40.75979452,-73.980802753,89.459
1453942936,50366378,40.75979452,-73.980802753,89.459
1453942937,13637345,40.759809666,-73.980793411,89.475
1453942937,15338083,40.759809666,-73.980793411,89.475
1453942938,28405798,40.759832539,-73.980776803,89.564
1453942938,30339778,40.759832539,-73.980776803,89.564
1453942939,42414593,40.759856677,-73.980749301,89.756
1453942939,44315027,40.759856677,-73.980749301,89.756
1453942940,5426492,40.75989339,-73.980732132,90.131
1453942940,7330058,40.75989339,-73.980732132,90.131
1453942941,20399236,40.75994381,-73.980712706,90.481
1453942941,22315008,40.75994381,-73.980712706,90.481
1453942942,32398407,40.759999082,-73.980678466,90.702
1453942942,34337693,40.759999082,-73.980678466,90.702
1453942943,49486139,40.760062392,-73.980640089,91.057
1453942943,51374519,40.760062392,-73.980640089,91.057
1453942944,18397122,40.76012555,-73.980592328,91.448
1453942944,20296006,40.76012555,-73.980592328,91.448
1453942945,32375426,40.760189241,-73.980549968,91.88
1453942945,34293234,40.760189241,-73.980549968,91.88
1453942946,39358853,40.760257959,-73.980517577,92.49
1453942946,41287562,40.760257959,-73.980517577,92.49
1453942946,999341294,40.760330787,-73.980480557,93.036
1453942947,1274728,40.760330787,-73.980480557,93.036
1453942948,5374043,40.760404639,-73.980434411,93.272
1453942948,7284048,40.760404639,-73.980434411,93.272
1453942949,13361070,40.760469111,-73.980371055,93.616
1453942949,15286675,40.760469111,-73.980371055,93.616
1453942950,37362533,40.760540865,-73.980320912,93.879
1453942950,39274175,40.760540865,-73.980320912,93.879
1453942951,44390628,40.760626764,-73.98029365,94.31
1453942951,46283070,40.760626764,-73.98029365,94.31
1453942952,4319695,40.760702827,-73.980279459,94.317
1453942952,6259299,40.760702827,-73.980279459,94.317
1453942953,18352255,40.76076665,-73.980255046,94.281
1453942953,20223799,40.76076665,-73.980255046,94.281
1453942954,32390515,40.76081223,-73.980219982,94.78
1453942954,34307427,40.76081223,-73.980219982,94.78
1453942955,47314554,40.760853212,-73.980186873,95.418
1453942955,49241894,40.760853212,-73.980186873,95.418
1453942956,10369959,40.760893784,-73.980160167,96.041
1453942956,12265873,40.760893784,-73.980160167,96.041
1453942957,30317418,40.760931237,-73.980132378,96.647
1453942957,32259491,40.760931237,-73.980132378,96.647
1453942958,52309805,40.760975331,-73.980094642,96.955
1453942958,54232975,40.760975331,-73.980094642,96.955
1453942959,10314189,40.761011527,-73.980052841,97.339
1453942959,12263629,40.761011527,-73.980052841,97.339
1453942960,44404070,40.761059437,-73.980002066,97.381
1453942960,46256459,40.761059437,-73.980002066,97.381
1453942961,3392681,40.761113473,-73.979945033,97.401
1453942961,5389696,40.761113473,-73.979945033,97.401
1453942962,12270971,40.761176005,-73.979893041,97.53
1453942962,14223470,40.761176005,-73.979893041,97.53
1453942963,23312728,40.76125229,-73.979857665,97.665
1453942963,25229748,40.76125229,-73.979857665,97.665
1453942964,36395964,40.761343696,-73.979837747,97.875
1453942964,38380990,40.761343696,-73.979837747,97.875
1453942965,43273711,40.76143183,-73.979818523,98.153
1453942965,45169636,40.76143183,-73.979818523,98.153
1453942966,2281435,40.761504688,-73.97979358,98.475
1453942966,4215974,40.761504688,-73.97979358,98.475
1453942967,10348624,40.761569518,-73.979763318,nan
1453942967,12280323,40.761569518,-73.979763318,nan
1453942968,17262630,40.761633959,-73.979725322,nan
1453942968,19210621,40.761633959,-73.979725322,nan
1453942969,27220370,40.761696522,-73.979681476,98.637
1453942969,29167274,40.761696522,-73.979681476,98.637
1453942970,40333994,40.761736092,-73.979636481,98.026
1453942970,42196549,40.761736092,-73.979636481,98.026
1453942970,999361624,40.761783172,-73.979590877,97.466
1453942971,1347768,40.761783172,-73.979590877,97.466
1453942972,9271160,40.761806634,-73.979566106,97.647
1453942972,11193019,40.761806634,-73.979566106,97.647
1453942973,22395948,40.761830258,-73.979544949,97.909
1453942973,24162811,40.761830258,-73.979544949,97.909
1453942974,32253941,40.7618447,-73.979528864,nan
1453942974,34181237,40.7618447,-73.979528864,nan
1453942975,41225815,40.7618527,-73.979509071,98.342
1453942975,43141348,40.7618527,-73.979509071,98.342
1453942975,999248289,40.761854185,-73.979485045,98.642
1453942976,1164153,40.761854185,-73.979485045,98.642
1453942977,9287580,40.761862495,-73.979458603,98.642
1453942977,11254740,40.761862495,-73.979458603,98.642
1453942978,15181316,40.761862495,-73.979458603,98.642
1453942978,17182926,40.761862495,-73.979458603,98.642
1453942979,29291360,40.76185644,-73.979441384,98.799
1453942979,31116736,40.76185644,-73.979441384,98.799
1453942980,46325528,40.761845547,-73.979423643,99.148
1453942980,48154793,40.761845547,-73.979423643,99.148
1453942981,4231159,40.761835442,-73.979404803,99.548
1453942981,6115138,40.761835442,-73.979404803,99.548
1453942982,18261980,40.761826172,-73.979387943,100.242
1453942982,20151957,40.761826172,-73.979387943,100.242
1453942983,32225834,40.761815406,-73.979373515,100.826
1453942983,34138124,40.761815406,-73.979373515,100.826
1453942984,49184663,40.761802491,-73.979359187,101.562
1453942984,51129385,40.761802491,-73.979359187,101.562
1453942985,7210496,40.761782757,-73.979353188,101.841
1453942985,9116189,40.761782757,-73.979353188,101.841
1453942986,20162648,40.761771339,-73.979338966,102.468
1453942986,22102546,40.761771339,-73.979338966,102.468
1453942987,31102152,40.761771339,-73.979338966,102.468
1453942988,34152898,40.761753466,-73.979368703,nan
1453942988,36023621,40.761753466,-73.979368703,nan
1453942989,38201361,40.761751361,-73.979400149,nan
1453942989,40107140,40.761751361,-73.979400149,nan
1453942989,999186712,40.761759637,-73.979424797,102.801
1453942990,1090160,40.761759637,-73.979424797,102.801
1453942991,8144376,40.761780667,-73.979438035,102.32
1453942991,10101491,40.761780667,-73.979438035,102.32
1453942992,18184291,40.761823247,-73.979428548,nan
1453942992,20170981,40.761823247,-73.979428548,nan
1453942993,30161179,40.761879495,-73.97941229,102.114
1453942993,32066225,40.761879495,-73.97941229,102.114
1453942994,50181115,40.761926992,-73.979399033,102.025
1453942994,52023183,40.761926992,-73.979399033,102.025
1453942995,12249237,40.761978083,-73.97938471,101.823
1453942995,14146233,40.761978083,-73.97938471,101.823
1453942996,31147902,40.762019353,-73.979373254,101.916
1453942996,33070247,40.762019353,-73.979373254,101.916
1453942997,42224257,40.762056663,-73.979361607,102.059
1453942997,43975561,40.762056663,-73.979361607,102.059
1453942997,998238726,40.762089479,-73.979354667,101.59
1453942997,999983949,40.762089479,-73.979354667,101.59
1453942999,2130228,40.762124282,-73.979338327,100.993
1453942999,4047431,40.762124282,-73.979338327,100.993
1453943000,49102047,40.762149108,-73.979336456,100.075
1453943000,51053552,40.762149108,-73.979336456,100.075
1453943001,9098822,40.762178936,-73.979324809,100.334
1453943001,10992531,40.762178936,-73.979324809,100.334
1453943002,18096692,40.762204534,-73.979319827,100.646
1453943002,20147718,40.762204534,-73.979319827,100.646
1453943003,29128355,40.762218296,-73.979323724,100.754
1453943003,31004199,40.762218296,-73.979323724,100.754
1453943004,55191147,40.762222369,-73.979333431,100.869
1453943004,57038069,40.762222369,-73.979333431,100.869
1453943005,15030638,40.762221915,-73.97934327,101.018
1453943005,16928275,40.762221915,-73.97934327,101.018
1453943006,27102064,40.762219835,-73.979352133,101.17
1453943006,28992324,40.762219835,-73.979352133,101.17
1453943007,40109743,40.76221748,-73.979360281,101.336
1453943007,41938825,40.76221748,-73.979360281,101.336
1453943008,2020504,40.762217294,-73.979368339,101.595
1453943008,3998395,40.762217294,-73.979368339,101.595
1453943009,14123649,40.762218579,-73.979374271,101.986
1453943009,16045984,40.762218579,-73.979374271,101.986
1453943010,46031995,40.762221164,-73.979378531,102.346
1453943010,47965625,40.762221164,-73.979378531,102.346
1453943011,6034659,40.762223284,-73.979383206,102.91
1453943011,7920624,40.762223284,-73.979383206,102.91
1453943012,18098897,40.762226513,-73.97938607,103.531
1453943012,19951120,40.762226513,-73.97938607,103.531
1453943013,30033594,40.762229444,-73.979389844,103.872
1453943013,31922265,40.762229444,-73.979389844,103.872
1453943014,37981959,40.762233832,-73.979391996,104.19
1453943014,39915403,40.762233832,-73.979391996,104.19
1453943015,47109042,40.762236009,-73.979394474,104.529
1453943015,49042337,40.762236009,-73.979394474,104.529
1453943016,2001196,40.762238487,-73.979394371,104.788
1453943016,4000484,40.762238487,-73.979394371,104.788
1453943017,9961000,40.762241211,-73.979394232,104.935
1453943017,11920085,40.762241211,-73.979394232,104.935
1453943018,16126693,40.762240824,-73.979393267,105.03
1453943018,17928011,40.762240824,-73.979393267,105.03
1453943019,29027525,40.762245469,-73.979388251,104.869
1453943019,30943395,40.762245469,-73.979388251,104.869
1453943020,46022475,40.762270091,-73.97937973,104.766
1453943020,47907646,40.762270091,-73.97937973,104.766
1453943021,4000575,40.762270091,-73.97937973,104.766
1453943021,5930401,40.762270091,-73.97937973,104.766
1453943022,9115893,40.762270091,-73.97937973,104.766
1453943022,11038691,40.762270091,-73.97937973,104.766
1453943023,13963648,40.762270091,-73.97937973,104.766
1453943023,15822567,40.762270091,-73.97937973,104.766
1453943024,21116922,40.762270091,-73.97937973,104.766
1453943024,22998259,40.762270091,-73.97937973,104.766
1453943025,29936798,40.762270091,-73.97937973,104.766
1453943025,31891694,40.762270091,-73.97937973,104.766
1453943026,39068150,40.762270091,-73.97937973,104.766
1453943026,40921396,40.762270091,-73.97937973,104.766
1453943026,997080567,40.762270091,-73.97937973,104.766
1453943026,998989655,40.762270091,-73.97937973,104.766
1453943028,907980,40.762270091,-73.97937973,104.766
1453943028,2829513,40.762270091,-73.97937973,104.766
1453943029,5967288,40.762270091,-73.97937973,104.766
1453943029,7862729,40.762270091,-73.97937973,104.766
1453943030,44929165,40.762270091,-73.97937973,104.766
1453943030,46899375,40.762270091,-73.97937973,104.766
1453943031,4972295,40.762270091,-73.97937973,104.766
1453943031,6882116,40.762270091,-73.97937973,104.766
1453943032,13987023,40.762270091,-73.97937973,104.766
1453943032,15847829,40.762270091,-73.97937973,104.766
1453943033,24010650,40.762270091,-73.97937973,104.766
1453943033,25909180,40.762270091,-73.97937973,104.766
1453943034,32057603,40.762270091,-73.97937973,104.766
1453943034,33866388,40.762270091,-73.97937973,104.766
1453943035,38962442,40.762270091,-73.97937973,104.766
1453943035,40855953,40.762270091,-73.97937973,104.766
1453943036,47978811,40.762270091,-73.97937973,104.766
1453943036,49794068,40.762270091,-73.97937973,104.766
1453943037,4930856,40.762270091,-73.97937973,104.766
1453943037,6775198,40.762270091,-73.97937973,104.766
1453943038,13932500,40.762270091,-73.97937973,104.766
1453943038,15889203,40.762270091,-73.97937973,104.766
1453943039,19877341,40.762270091,-73.97937973,104.766
1453943039,21789286,40.762270091,-73.97937973,104.766
1453943040,38924449,40.762270091,-73.97937973,104.766
1453943040,40868274,40.762270091,-73.97937973,104.766
1453943040,993882291,40.762270091,-73.97937973,104.766
1453943040,995943847,40.762270091,-73.97937973,104.766
1453943041,997898385,40.762270091,-73.97937973,104.766
1453943041,999827756,40.762270091,-73.97937973,104.766
1453943043,5000873,40.762270091,-73.97937973,104.766
1453943043,6934628,40.762270091,-73.97937973,104.766
1453943044,10913917,40.762270091,-73.97937973,104.766
1453943044,12797540,40.762270091,-73.97937973,104.766
1453943045,22982159,40.762270091,-73.97937973,104.766
1453943045,24751668,40.762270091,-73.97937973,104.766
1453943046,28901594,40.762270091,-73.97937973,104.766
1453943046,30803525,40.762270091,-73.97937973,104.766
1453943047,41801706,40.762270091,-73.97937973,104.766
1453943047,43802848,40.762270091,-73.97937973,104.766
1453943048,2848547,40.762270091,-73.97937973,104.766
1453943048,4794710,40.762270091,-73.97937973,104.766
1453943049,16848433,40.762276599,-73.979377968,104.787
1453943049,18731837,40.762276599,-73.979377968,104.787
1453943050,48836007,40.762291468,-73.97936701,105.178
1453943050,50780418,40.762291468,-73.97936701,105.178
1453943051,11815371,40.762307095,-73.979353108,105.439
1453943051,13764831,40.762307095,-73.979353108,105.439
1453943052,24813027,40.762323524,-73.979338119,105.61
1453943052,26770495,40.762323524,-73.979338119,105.61
1453943053,38807632,40.762339959,-73.979323948,106.157
1453943053,40837528,40.762339959,-73.979323948,106.157
1453943054,1820328,40.762354455,-73.979310833,106.655
1453943054,3685004,40.762354455,-73.979310833,106.655
1453943055,15848508,40.762381913,-73.979291551,106.984
1453943055,17732545,40.762381913,-73.979291551,106.984
1453943056,31941460,40.762405628,-73.979273085,107.378
1453943056,33899910,40.762405628,-73.979273085,107.378
1453943057,43114296,40.762421638,-73.979254227,107.601
1453943057,44959643,40.762421638,-73.979254227,107.601
1453943058,6914162,40.762444088,-73.979234782,108.04
1453943058,8855447,40.762444088,-73.979234782,108.04
1453943059,18778740,40.762451018,-73.979220406,108.648
1453943059,20694183,40.762451018,-73.979220406,108.648
1453943060,48837676,40.762453162,-73.979210017,109.198
1453943060,50691470,40.762453162,-73.979210017,109.198
1453943061,12902699,40.762427987,-73.979193331,109.232
1453943061,14721234,40.762427987,-73.979193331,109.232
1453943062,26816958,40.762405416,-73.979177454,109.308
1453943062,28694446,40.762405416,-73.979177454,109.308
1453943063,37808682,40.76238773,-73.979162675,109.357
1453943063,39678083,40.76238773,-73.979162675,109.357
1453943064,45774080,40.762377255,-73.979146843,109.537
1453943064,47829212,40.762377255,-73.979146843,109.537
1453943065,9787556,40.762373744,-73.979132084,109.921
1453943065,11819653,40.762373744,-73.979132084,109.921
1453943066,20774069,40.762369149,-73.979115808,110.115
1453943066,22658276,40.762369149,-73.979115808,110.115
1453943067,39722343,40.76236548,-73.979100092,110.283
1453943067,41661974,40.76236548,-73.979100092,110.283
1453943068,3786135,40.762365027,-73.979083781,110.428
1453943068,5693522,40.762365027,-73.979083781,110.428
1453943069,19732711,40.762358535,-73.97906665,110.681
1453943069,21671037,40.762358535,-73.97906665,110.681
1453943070,46725644,40.762358535,-73.97906665,110.681
1453943070,48641504,40.762358535,-73.97906665,110.681
1453943071,9754931,40.762358535,-73.97906665,110.681
1453943071,11748412,40.762358535,-73.97906665,110.681
1453943072,18701591,40.762358535,-73.97906665,110.681
1453943072,20605854,40.762358535,-73.97906665,110.681
1453943073,26832378,40.762358535,-73.97906665,110.681
1453943073,28782407,40.762358535,-73.97906665,110.681
1453943074,36758453,40.762358535,-73.97906665,110.681
1453943074,38680629,40.762358535,-73.97906665,110.681
1453943074,998752196,40.762358535,-73.97906665,110.681
1453943075,639378,40.762358535,-73.97906665,110.681
1453943076,8828178,40.762358535,-73.97906665,110.681
1453943076,10773038,40.762358535,-73.97906665,110.681
1453943077,18822969,40.762358535,-73.97906665,110.681
1453943077,20653111,40.762358535,-73.97906665,110.681
1453943078,30695823,40.762358535,-73.97906665,110.681
1453943078,32622393,40.762358535,-73.97906665,110.681
1453943079,39762477,40.762358535,-73.97906665,110.681
1453943079,41759050,40.762358535,-73.97906665,110.681
1453943080,1708187,40.762358535,-73.97906665,110.681
1453943080,3672599,40.762358535,-73.97906665,110.681
1453943081,13714442,40.762358535,-73.97906665,110.681
1453943081,15714381,40.762358535,-73.97906665,110.681
1453943082,29660229,40.762356937,-73.979049172,111.024
1453943082,31553005,40.762356937,-73.979049172,111.024
1453943083,41628774,40.762361233,-73.979030692,111.236
1453943083,43566519,40.762361233,-73.979030692,111.236
1453943083,999601094,40.762361233,-73.979030692,111.236
1453943084,1535598,40.762361233,-73.979030692,111.236
1453943085,10684583,40.762361233,-73.979030692,111.236
1453943085,12594128,40.762361233,-73.979030692,111.236
1453943086,23676115,40.762361233,-73.979030692,111.236
1453943086,25566008,40.762361233,-73.979030692,111.236
1453943087,39636524,40.762361233,-73.979030692,111.236
1453943087,41519652,40.762361233,-73.979030692,111.236
1453943087,999697315,40.762361233,-73.979030692,111.236
1453943088,1587432,40.762361233,-73.979030692,111.236
1453943089,17621145,40.762361233,-73.979030692,111.236
1453943089,19578572,40.762361233,-73.979030692,111.236
1453943090,46702075,40.762361233,-73.979030692,111.236
1453943090,48580719,40.762361233,-73.979030692,111.236
1453943091,9758319,40.762361233,-73.979030692,111.236
1453943091,11575898,40.762361233,-73.979030692,111.236
1453943092,21631473,40.762361233,-73.979030692,111.236
1453943092,23568672,40.762361233,-73.979030692,111.236
1453943093,33707985,40.762361233,-73.979030692,111.236
1453943093,35674453,40.762361233,-73.979030692,111.236
1453943094,43758868,40.762361233,-73.979030692,111.236
1453943094,45669684,40.762361233,-73.979030692,111.236
1453943095,9649968,40.762361233,-73.979030692,111.236
1453943095,11561813,40.762361233,-73.979030692,111.236
1453943096,18660195,40.762361233,-73.979030692,111.236
1453943096,20537693,40.762361233,-73.979030692,111.236
1453943097,26711642,40.762361233,-73.979030692,111.236
1453943097,28656231,40.762361233,-73.979030692,111.236
1453943098,36672276,40.762361233,-73.979030692,111.236
1453943098,38585004,40.762361233,-73.979030692,111.236
1453943099,45590269,40.762361233,-73.979030692,111.236
1453943099,47432625,40.762361233,-73.979030692,111.236
1453943100,1683762,40.762361233,-73.979030692,111.236
1453943100,3466765,40.762361233,-73.979030692,111.236
1453943101,7699729,40.762361233,-73.979030692,111.236
1453943102,15554500,40.762361233,-73.979030692,111.236
1453943102,17434849,40.762361233,-73.979030692,111.236
1453943103,21624355,40.762361233,-73.979030692,111.236
1453943103,23620056,40.762361233,-73.979030692,111.236
1453943104,28536822,40.762361233,-73.979030692,nan
1453943104,30425776,40.762361233,-73.979030692,nan
1453943105,37619871,40.762361233,-73.979030692,nan
1453943105,39604735,40.762361233,-73.979030692,nan
1453943106,45531881,40.762361233,-73.979030692,111.236
1453943106,47504777,40.762361233,-73.979030692,111.236
1453943107,3556273,40.762361233,-73.979030692,111.236
1453943107,5414694,40.762361233,-73.979030692,111.236
1453943108,11602915,40.762361233,-73.979030692,111.236
1453943108,13599072,40.762361233,-73.979030692,111.236
1453943109,16576067,40.762361233,-73.979030692,nan
1453943109,18484050,40.762361233,-73.979030692,nan
1453943109,996650150,40.762361233,-73.979030692,111.236
1453943109,998590665,40.762361233,-73.979030692,111.236
1453943111,2590265,40.762361233,-73.979030692,111.236
1453943111,4451571,40.762361233,-73.979030692,111.236
1453943112,13543923,40.762347179,-73.979015312,111.159
1453943112,15386754,40.762347179,-73.979015312,111.159
1453943113,27612805,40.762338151,-73.979002675,111.06
1453943113,29449052,40.762338151,-73.979002675,111.06
1453943114,33495349,40.762338151,-73.979002675,111.06
1453943114,35465237,40.762338151,-73.979002675,111.06
1453943115,40565450,40.762338151,-73.979002675,111.06
1453943115,42456767,40.762338151,-73.979002675,111.06
1453943115,997456246,40.762338151,-73.979002675,111.06
1453943115,999346848,40.762338151,-73.979002675,111.06
1453943117,12606283,40.762336786,-73.978978047,111.075
1453943117,14513711,40.762336786,-73.978978047,111.075
1453943118,27508853,40.762328289,-73.978952756,111.015
1453943118,29395058,40.762328289,-73.978952756,111.015
1453943119,45503043,40.762317822,-73.97892375,110.766
1453943119,47368785,40.762317822,-73.97892375,110.766
1453943120,14446054,40.762308413,-73.97889636,110.451
1453943120,16497896,40.762308413,-73.97889636,110.451
1453943121,37472015,40.762293403,-73.978882579,110.407
1453943121,39358831,40.762293403,-73.978882579,110.407
1453943121,994491289,40.762291546,-73.978866975,110.004
1453943121,996403950,40.762291546,-73.978866975,110.004
1453943122,997494743,40.762291546,-73.978866975,110.004
1453943122,999522455,40.762291546,-73.978866975,110.004
1453943124,2499387,40.762291546,-73.978866975,110.004
1453943124,4378617,40.762291546,-73.978866975,110.004
1453943125,18420221,40.762291546,-73.978866975,110.004
1453943125,20440245,40.762291546,-73.978866975,110.004
1453943126,22477352,40.762291546,-73.978866975,110.004
1453943126,24490158,40.762291546,-73.978866975,110.004
1453943127,33471067,40.762291546,-73.978866975,110.004
1453943127,35333441,40.762291546,-73.978866975,110.004
1453943128,39503760,40.762291546,-73.978866975,110.004
1453943128,41391479,40.762291546,-73.978866975,110.004
1453943128,993492555,40.762291546,-73.978866975,110.004
1453943128,995378497,40.762291546,-73.978866975,110.004
1453943129,998541436,40.762291546,-73.978866975,110.004
1453943130,287360,40.762291546,-73.978866975,110.004
1453943131,6537240,40.762291546,-73.978866975,110.004
1453943131,8360491,40.762291546,-73.978866975,110.004
1453943132,13429575,40.762291546,-73.978866975,110.004
1453943132,15297413,40.762291546,-73.978866975,110.004
1453943133,16418702,40.762291546,-73.978866975,110.004
1453943133,18348882,40.762291546,-73.978866975,110.004
1453943134,23528593,40.762291546,-73.978866975,110.004
1453943134,25336682,40.762291546,-73.978866975,110.004
1453943135,46517292,40.762281737,-73.97885499,109.333
1453943135,48284858,40.762281737,-73.97885499,109.333
1453943135,998385826,40.762281737,-73.97885499,109.333
1453943136,320372,40.762281737,-73.97885499,109.333
1453943137,3338870,40.762281737,-73.97885499,109.333
1453943137,5352068,40.762281737,-73.97885499,109.333
1453943138,8497538,40.762281737,-73.97885499,109.333
1453943138,10373775,40.762281737,-73.97885499,109.333
1453943139,15410559,40.762281737,-73.97885499,109.333
1453943139,17345900,40.762281737,-73.97885499,109.333
1453943139,993421963,40.762281737,-73.97885499,109.333
1453943139,995303960,40.762281737,-73.97885499,109.333
1453943140,998345494,40.762281737,-73.97885499,109.333
1453943141,284011,40.762281737,-73.97885499,109.333
1453943142,4339841,40.762281737,-73.97885499,109.333
1453943142,6240081,40.762281737,-73.97885499,109.333
1453943143,7354369,40.762281737,-73.97885499,109.333
1453943143,9267279,40.762281737,-73.97885499,109.333
1453943144,11377858,40.762281737,-73.97885499,109.333
1453943144,13381121,40.762281737,-73.97885499,109.333
1453943145,15297550,40.762281737,-73.97885499,109.333
1453943145,17195033,40.762281737,-73.97885499,109.333
1453943146,24380878,40.762281737,-73.97885499,109.333
1453943146,26278939,40.762281737,-73.97885499,109.333
1453943147,27401489,40.762281737,-73.97885499,109.333
1453943147,29197399,40.762281737,-73.97885499,109.333
1453943148,35346062,40.762281737,-73.97885499,109.333
1453943148,37267382,40.762281737,-73.97885499,109.333
1453943149,35362930,40.762281737,-73.97885499,109.333
1453943149,37275917,40.762281737,-73.97885499,109.333
1453943149,993368998,40.762281737,-73.97885499,109.333
1453943149,995268714,40.762281737,-73.97885499,109.333
1453943150,997356546,40.762281737,-73.97885499,109.333
1453943150,999241582,40.762281737,-73.97885499,109.333
1453943152,9450038,40.762281737,-73.97885499,109.333
1453943152,11206284,40.762281737,-73.97885499,109.333
1453943153,18346709,40.762281737,-73.97885499,109.333
1453943153,20244107,40.762281737,-73.97885499,109.333
1453943154,26289187,40.762281737,-73.97885499,109.333
1453943154,28237371,40.762281737,-73.97885499,109.333
1453943155,35345838,40.762281737,-73.97885499,109.333
1453943155,37180570,40.762281737,-73.97885499,109.333
1453943156,47311700,40.762281737,-73.97885499,109.333
1453943156,49208640,40.762281737,-73.97885499,109.333
1453943157,10350677,40.762281737,-73.97885499,109.333
1453943157,12216015,40.762281737,-73.97885499,109.333
1453943158,25253729,40.762281737,-73.97885499,109.333
1453943158,27237658,40.762281737,-73.97885499,109.333
1453943159,38410830,40.762281737,-73.97885499,109.333
1453943159,40159285,40.762281737,-73.97885499,109.333
1453943160,3280841,40.762281737,-73.97885499,109.333
1453943160,5225538,40.762281737,-73.97885499,109.333
1453943161,11302677,40.762281737,-73.97885499,109.333
1453943161,13209111,40.762281737,-73.97885499,109.333
1453943162,20261373,40.762281737,-73.97885499,109.333
1453943162,22156111,40.762281737,-73.97885499,109.333
1453943163,26257905,40.762281737,-73.97885499,109.333
1453943163,28135385,40.762281737,-73.97885499,109.333
1453943164,37274801,40.762281737,-73.97885499,109.333
1453943164,39151495,40.762281737,-73.97885499,109.333
1453943165,45254685,40.762281737,-73.97885499,109.333
1453943165,47125806,40.762281737,-73.97885499,109.333
1453943166,3202727,40.762281737,-73.97885499,109.333
1453943166,5093894,40.762281737,-73.97885499,109.333
1453943167,10260016,40.762281737,-73.97885499,109.333
1453943167,12170498,40.762281737,-73.97885499,109.333
1453943168,22249651,40.762281737,-73.97885499,109.333
1453943168,24177509,40.762281737,-73.97885499,109.333
1453943169,32344901,40.762281737,-73.97885499,109.333
1453943169,34283240,40.762281737,-73.97885499,109.333
1453943170,4250293,40.762281737,-73.97885499,109.333
1453943170,6132299,40.762281737,-73.97885499,109.333
1453943171,20180250,40.762281737,-73.97885499,109.333
1453943171,22132734,40.762281737,-73.97885499,109.333
1453943172,38256650,40.762281737,-73.97885499,109.333
1453943172,40148133,40.762281737,-73.97885499,109.333
1453943173,162247,40.762281737,-73.97885499,109.333
1453943173,2144919,40.762281737,-73.97885499,109.333
1453943174,6222165,40.762281737,-73.97885499,109.333
1453943174,8222077,40.762281737,-73.97885499,109.333
1453943175,13139082,40.762268501,-73.978842371,nan
1453943175,15060846,40.762268501,-73.978842371,nan
1453943176,18212880,40.762268501,-73.978842371,108.973
1453943176,20111972,40.762268501,-73.978842371,108.973
1453943177,29137691,40.762268501,-73.978842371,108.973
1453943177,31128799,40.762268501,-73.978842371,108.973
1453943178,37202226,40.762268501,-73.978842371,nan
1453943178,39135875,40.762268501,-73.978842371,nan
1453943178,996143245,40.762268501,-73.978842371,nan
1453943178,998058020,40.762268501,-73.978842371,nan
1453943180,10152720,40.762268501,-73.978842371,108.973
1453943180,12098637,40.762268501,-73.978842371,108.973
1453943181,18119836,40.762268501,-73.978842371,108.973
1453943181,20034291,40.762268501,-73.978842371,108.973
1453943182,25146821,40.762268501,-73.978842371,108.973
1453943182,27100047,40.762268501,-73.978842371,108.973
1453943183,36108165,40.762268501,-73.978842371,108.973
1453943183,38080779,40.762268501,-73.978842371,108.973
1453943183,991141998,40.762268501,-73.978842371,108.973
1453943183,993005570,40.762268501,-73.978842371,108.973
1453943184,995187939,40.762268501,-73.978842371,108.973
1453943184,997081650,40.762268501,-73.978842371,108.973
1453943186,2074110,40.762268501,-73.978842371,nan
1453943186,4047826,40.762268501,-73.978842371,nan
1453943187,9161888,40.762268501,-73.978842371,108.973
1453943187,11064727,40.762268501,-73.978842371,108.973
1453943188,15081437,40.762268501,-73.978842371,108.973
1453943188,17039461,40.762268501,-73.978842371,108.973
1453943189,23117703,40.762268501,-73.978842371,108.973
1453943189,25022222,40.762268501,-73.978842371,108.973
1453943190,2103884,40.762268501,-73.978842371,108.973
1453943190,4033211,40.762268501,-73.978842371,108.973
1453943191,12109577,40.762268501,-73.978842371,108.973
1453943191,13983663,40.762268501,-73.978842371,108.973
1453943192,25059017,40.762268501,-73.978842371,108.973
1453943192,26968812,40.762268501,-73.978842371,108.973
1453943193,37089732,40.762268501,-73.978842371,108.973
1453943193,38996224,40.762268501,-73.978842371,108.973
1453943193,998124630,40.762268501,-73.978842371,108.973
1453943194,37765,40.762268501,-73.978842371,108.973
1453943195,9168378,40.762268501,-73.978842371,108.973
1453943195,10953432,40.762268501,-73.978842371,108.973
1453943196,22188580,40.762268501,-73.978842371,108.973
1453943196,24010431,40.762268501,-73.978842371,108.973
1453943197,33098334,40.762268501,-73.978842371,108.973
1453943197,35015271,40.762268501,-73.978842371,108.973
1453943198,34165871,40.762268501,-73.978842371,108.973
1453943198,36014111,40.762268501,-73.978842371,108.973
1453943198,989020299,40.762268501,-73.978842371,108.973
1453943198,990917306,40.762268501,-73.978842371,108.973
1453943199,994044077,40.762268501,-73.978842371,108.973
1453943199,995986418,40.762268501,-73.978842371,108.973
1453943201,78338,40.762268501,-73.978842371,108.973
1453943201,1942822,40.762268501,-73.978842371,108.973
1453943202,10013833,40.762268501,-73.978842371,108.973
1453943202,11917488,40.762268501,-73.978842371,108.973
1453943203,17022984,40.762268501,-73.978842371,108.973
1453943203,18997619,40.762268501,-73.978842371,108.973
1453943204,25994731,40.762268501,-73.978842371,108.973
1453943204,27924505,40.762268501,-73.978842371,108.973
1453943205,35153159,40.762268501,-73.978842371,108.973
1453943205,37088153,40.762268501,-73.978842371,108.973
1453943205,997095796,40.762268501,-73.978842371,108.973
1453943205,998903664,40.762268501,-73.978842371,108.973
1453943207,7006864,40.762268501,-73.978842371,108.973
1453943207,8907711,40.762268501,-73.978842371,108.973
1453943208,16944491,40.762268501,-73.978842371,108.973
1453943208,18937367,40.762268501,-73.978842371,108.973
1453943209,24152809,40.762268501,-73.978842371,108.973
1453943209,26008862,40.762268501,-73.978842371,108.973
1453943209,995981502,40.762268501,-73.978842371,108.973
1453943209,997941678,40.762268501,-73.978842371,108.973
1453943211,68953,40.762268501,-73.978842371,108.973
1453943211,2047687,40.762268501,-73.978842371,108.973
1453943212,9955927,40.762268501,-73.978842371,108.973
1453943212,11908709,40.762268501,-73.978842371,108.973
1453943213,21133095,40.762268501,-73.978842371,108.973
1453943213,23026851,40.762268501,-73.978842371,108.973
1453943214,33044785,40.762268501,-73.978842371,108.973
1453943214,34930120,40.762268501,-73.978842371,108.973
1453943215,48015934,40.762304025,-73.978819484,109.298
1453943215,49913886,40.762304025,-73.978819484,109.298
1453943216,10036120,40.762304025,-73.978819484,109.298
1453943216,11929748,40.762304025,-73.978819484,109.298
1453943217,19070554,40.762304025,-73.978819484,109.298
1453943217,20916737,40.762304025,-73.978819484,109.298
1453943218,24023316,40.762304025,-73.978819484,109.298
1453943218,25862780,40.762304025,-73.978819484,109.298
1453943219,32032279,40.762304025,-73.978819484,109.298
1453943219,33831671,40.762304025,-73.978819484,109.298
1453943220,3968867,40.762304025,-73.978819484,109.298
1453943220,5850847,40.762304025,-73.978819484,109.298
1453943221,11088640,40.762304025,-73.978819484,109.298
1453943221,12860193,40.762304025,-73.978819484,109.298
1453943222,18989872,40.762304025,-73.978819484,109.298
1453943222,20887201,40.762304025,-73.978819484,109.298
1453943223,26918785,40.762304025,-73.978819484,109.298
1453943223,28810377,40.762304025,-73.978819484,109.298
1453943224,33903341,40.762304025,-73.978819484,109.298
1453943224,35992857,40.762304025,-73.978819484,109.298
1453943225,38029442,40.762304025,-73.978819484,109.298
1453943225,39823313,40.762304025,-73.978819484,109.298
1453943225,992916011,40.762304025,-73.978819484,109.298
1453943225,994978538,40.762304025,-73.978819484,109.298
1453943226,999928797,40.762304025,-73.978819484,109.298
1453943227,1857522,40.762304025,-73.978819484,109.298
1453943228,2945917,40.762304025,-73.978819484,109.298
1453943228,4848430,40.762304025,-73.978819484,109.298
1453943229,9924491,40.762304025,-73.978819484,109.298
1453943229,11780545,40.762304025,-73.978819484,109.298
1453943229,997918452,40.762304025,-73.978819484,109.298
1453943229,999821148,40.762304025,-73.978819484,109.298
1453943230,999019469,40.762304025,-73.978819484,109.298
1453943231,835539,40.762304025,-73.978819484,109.298
1453943232,12928773,40.762304025,-73.978819484,109.298
1453943232,14832550,40.762304025,-73.978819484,109.298
1453943233,24026467,40.762304025,-73.978819484,109.298
1453943233,25809343,40.762304025,-73.978819484,109.298
1453943234,32921958,40.762304025,-73.978819484,109.298
1453943234,34799194,40.762304025,-73.978819484,109.298
1453943235,45843429,40.762292538,-73.978805523,108.872
1453943235,47796130,40.762292538,-73.978805523,108.872
1453943236,6912487,40.762292538,-73.978805523,108.872
1453943236,8811244,40.762292538,-73.978805523,108.872
1453943237,12954473,40.762292538,-73.978805523,108.872
1453943237,14899612,40.762292538,-73.978805523,108.872
1453943238,23909016,40.762292538,-73.978805523,108.872
1453943238,25735318,40.762292538,-73.978805523,108.872
1453943239,33839520,40.762292538,-73.978805523,108.872
1453943239,35849058,40.762292538,-73.978805523,108.872
1453943240,10864853,40.762289961,-73.978789322,108.692
1453943240,12751436,40.762289961,-73.978789322,108.692
1453943241,17847291,40.762289961,-73.978789322,108.692
1453943241,19791244,40.762289961,-73.978789322,108.692
1453943242,18758032,40.762289961,-73.978789322,108.692
1453943242,20696219,40.762289961,-73.978789322,108.692
1453943243,24796175,40.762289961,-73.978789322,108.692
1453943243,26799633,40.762289961,-73.978789322,108.692
1453943244,27876761,40.762289961,-73.978789322,108.692
1453943244,29732208,40.762289961,-73.978789322,108.692
1453943245,35944225,40.762289961,-73.978789322,108.692
1453943245,37701039,40.762289961,-73.978789322,108.692
1453943245,993836942,40.762289961,-73.978789322,108.692
1453943245,995685319,40.762289961,-73.978789322,108.692
1453943247,864309,40.762291825,-73.978772494,108.453
1453943247,2871818,40.762291825,-73.978772494,108.453
1453943248,12774927,40.762292133,-73.978758515,108.195
1453943248,14742848,40.762292133,-73.978758515,108.195
1453943249,20923309,40.762292133,-73.978758515,108.195
1453943249,22745225,40.762292133,-73.978758515,108.195
1453943250,1843851,40.762292133,-73.978758515,108.195
1453943250,3708084,40.762292133,-73.978758515,108.195
1453943251,9853137,40.762292133,-73.978758515,108.195
1453943251,11677224,40.762292133,-73.978758515,108.195
1453943252,24836442,40.762283036,-73.978741141,107.616
1453943252,26767795,40.762283036,-73.978741141,107.616
1453943253,37778543,40.762272736,-73.978730102,107.453
1453943253,39703444,40.762272736,-73.978730102,107.453
1453943254,3890284,40.762264097,-73.978722681,106.939
1453943254,5708503,40.762264097,-73.978722681,106.939
1453943255,9730045,40.762264097,-73.978722681,106.939
1453943255,11681231,40.762264097,-73.978722681,106.939
1453943256,18800566,40.762264097,-73.978722681,106.939
1453943256,20692378,40.762264097,-73.978722681,106.939
1453943257,31828179,40.762258366,-73.978704763,106.578
1453943257,33642581,40.762258366,-73.978704763,106.578
1453943258,42750865,40.762252712,-73.978685036,106.072
1453943258,44617264,40.762252712,-73.978685036,106.072
1453943259,7779023,40.762247299,-73.97867145,105.54
1453943259,9652639,40.762247299,-73.97867145,105.54
1453943260,3766635,40.762247299,-73.97867145,105.54
1453943260,5653729,40.762247299,-73.97867145,105.54
1453943261,11697925,40.762247299,-73.97867145,105.54
1453943261,13634499,40.762247299,-73.97867145,105.54
1453943262,17760561,40.762247299,-73.97867145,105.54
1453943262,19680422,40.762247299,-73.97867145,105.54
1453943263,24678194,40.762247299,-73.97867145,105.54
1453943263,26646497,40.762247299,-73.97867145,105.54
1453943264,28706309,40.762247299,-73.97867145,105.54
1453943264,30662972,40.762247299,-73.97867145,105.54
1453943265,32749372,40.762247299,-73.97867145,105.54
1453943265,34669942,40.762247299,-73.97867145,105.54
1453943266,61706081,40.762247299,-73.97867145,105.54
1453943266,63609515,40.762247299,-73.97867145,105.54
1453943267,16677011,40.762247299,-73.97867145,105.54
1453943267,18629059,40.762247299,-73.97867145,105.54
1453943268,22719734,40.762247299,-73.97867145,105.54
1453943268,24755992,40.762247299,-73.97867145,105.54
1453943269,27734933,40.762247299,-73.97867145,105.54
1453943269,29555389,40.762247299,-73.97867145,105.54
1453943270,720922,40.762247299,-73.97867145,105.54
1453943270,2747355,40.762247299,-73.97867145,105.54
1453943271,4808165,40.762247299,-73.97867145,105.54
1453943271,6735085,40.762247299,-73.97867145,105.54
1453943272,8720261,40.762247299,-73.97867145,105.54
1453943272,10610380,40.762247299,-73.97867145,105.54
1453943273,14644054,40.762247299,-73.97867145,105.54
1453943274,16624439,40.762247299,-73.97867145,nan
1453943274,18602903,40.762247299,-73.97867145,nan
1453943275,21684023,40.762247299,-73.97867145,105.54
1453943275,23580177,40.762247299,-73.97867145,105.54
1453943276,23600723,40.762247299,-73.97867145,105.54
1453943276,25507380,40.762247299,-73.97867145,105.54
1453943277,31686639,40.762247299,-73.97867145,105.54
1453943277,33583612,40.762247299,-73.97867145,105.54
1453943278,37726653,40.762247299,-73.97867145,105.54
1453943278,39505090,40.762247299,-73.97867145,105.54
1453943278,992692812,40.762247299,-73.97867145,105.54
1453943278,994521014,40.762247299,-73.97867145,105.54
1453943280,1663943,40.762247299,-73.97867145,105.54
1453943280,3629065,40.762247299,-73.97867145,105.54
1453943281,9649200,40.762247299,-73.97867145,105.54
1453943281,11560724,40.762247299,-73.97867145,105.54
1453943282,16816773,40.762247299,-73.97867145,105.54
1453943282,18582603,40.762247299,-73.97867145,105.54
1453943283,24658651,40.762247299,-73.97867145,105.54
1453943283,26547034,40.762247299,-73.97867145,105.54
1453943284,32626182,40.762247299,-73.97867145,105.54
1453943284,34556883,40.762247299,-73.97867145,105.54
1453943285,44597824,40.762243677,-73.978643595,105.022
1453943285,46552587,40.762243677,-73.978643595,105.022
1453943286,5604343,40.762245475,-73.978625755,104.704
1453943286,7544104,40.762245475,-73.978625755,104.704
1453943287,16575505,40.762244909,-73.978608584,104.325
1453943287,18444380,40.762244909,-73.978608584,104.325
1453943288,30722279,40.762244503,-73.97859084,103.949
1453943288,32549040,40.762244503,-73.97859084,103.949
1453943289,43632113,40.762243011,-73.978572549,103.573
1453943289,45529183,40.762243011,-73.978572549,103.573
1453943290,5648578,40.762237397,-73.978554995,103.216
1453943290,7526509,40.762237397,-73.978554995,103.216
1453943291,16583289,40.762229074,-73.978536007,102.879
1453943291,18505756,40.762229074,-73.978536007,102.879
1453943292,27610870,40.762217342,-73.978517606,102.545
1453943292,29420899,40.762217342,-73.978517606,102.545
1453943293,39648242,40.762201746,-73.978501427,102.132
1453943293,41631492,40.762201746,-73.978501427,102.132
1453943293,997626184,40.762181255,-73.978486444,101.628
1453943293,999510865,40.762181255,-73.978486444,101.628
1453943295,9634474,40.76216273,-73.978462094,101.045
1453943295,11506072,40.76216273,-73.978462094,101.045
1453943296,21543445,40.762146433,-73.978437958,100.434
1453943296,23427876,40.762146433,-73.978437958,100.434
1453943297,30602609,40.762126982,-73.978399971,99.593
1453943297,32469811,40.762126982,-73.978399971,99.593
1453943298,44494439,40.762126982,-73.978399971,99.593
1453943299,7568882,40.762106392,-73.978329072,98.331
1453943299,9441296,40.762106392,-73.978329072,98.331
1453943300,3671980,40.762102022,-73.978291027,97.742
1453943300,5458749,40.762102022,-73.978291027,97.742
1453943301,8492186,40.762095473,-73.9782547,96.958
1453943301,10394802,40.762095473,-73.9782547,96.958
1453943302,15664420,40.762093395,-73.97822174,96.378
1453943302,17487447,40.762093395,-73.97822174,96.378
1453943303,24541238,40.762095064,-73.978192642,95.708
1453943303,26463247,40.762095064,-73.978192642,95.708
1453943304,36560860,40.762098913,-73.978169548,94.951
1453943304,38459452,40.762098913,-73.978169548,94.951
1453943304,995465527,40.762104111,-73.978149167,94.2
1453943304,997406260,40.762104111,-73.978149167,94.2
1453943306,8604944,40.76210997,-73.978133904,93.558
1453943306,10569990,40.76210997,-73.978133904,93.558
1453943307,23548119,40.762112532,-73.978122919,93.071
1453943307,25401722,40.762112532,-73.978122919,93.071
1453943308,37486848,40.762118032,-73.978115343,92.66
1453943308,39367898,40.762118032,-73.978115343,92.66
1453943308,998467777,40.762110094,-73.978113198,92.32
1453943309,351959,40.762110094,-73.978113198,92.32
1453943310,9582875,40.762103286,-73.978113536,91.974
1453943310,11431391,40.762103286,-73.978113536,91.974
1453943311,21501879,40.762096386,-73.978111273,91.645
1453943311,23423882,40.762096386,-73.978111273,91.645
1453943312,33504418,40.76208963,-73.978110426,91.308
1453943312,35398807,40.76208963,-73.978110426,91.308
